AccountAddress,Amount
account_rdx1688dxj6a8x25aqsahl8luv8tpdzrc5wtfh9eee9f89sm6pujg4yvvf,795.7144449392995271633181027
account_rdx16872qlxchfr0wwyqum5ym3yuc4e8ss873su95y6jg2ekczmgpz8yf9,632.33750118658714718410312230
account_rdx16yym9xxyk8uu2gwvdrlrv56ff76az0u6kh5uv7es7m7y55an25yxfk,328.66556363212272951029515230
account_rdx12x7kdfsslllhe0krhq6pnmclx66pgecg409r0zccm79hc6qgpmzfw7,227.17872630592129671004804560
account_rdx168qxlpvvjtcse0r203qz58pdh00w2fmnslzfnrzkcr7glw6rqgulj3,191.31121773355209127453510170
account_rdx16yq3a9rjyt9aq6ldat7skkatkl7xtxq06vlqs9w6v3dpwjmpe7uumz,156.41222411224209668073068010
account_rdx16ymrezjh22skwchjvghcrxn6tk429tn2tvvw8x2gvey5mxcxyysztu,125.48885083971770157558707130
account_rdx16896af5ju92pkv2hfrc94wftx6a3r8smjt8xxxkwnu7juszd588uz6,112.40097465600607664024600310
account_rdx16y6ve66qwtadj6zw6vjlhl2us8ck6tewegvu9datrv9qqv34x4ws2u,103.53548741313138169591540650
account_rdx16y6eskw694nkmjf28e9wsaqfc6af49jzy6zqva0jkfsss97x5w04je,83.53121210541192805354803210
account_rdx12x2msv680zzsaz3u8gy8lg3ehxfwuspww2kxlpggvdsffedmxvhxzd,53.122311639217691721334333800
account_rdx16xattftp9krlh0u9fy59alymtt65phw6pm43lgdk4kzry62vsmm3qs,42.909593566555290117782461500
account_rdx16yet9vvas726d73dnmvdwsct68f4psplwptxnyhx6uw3nqfuresc68,35.718552015748210542206239800
account_rdx168zg3a2ftml8v44c063nrpku6rug58yfxsu26pkhkc7ujgm3x6thau,32.042762967516169034669773200
account_rdx16yrwads2t5qg53s8psvzl0wj874raczh26uach2q2zpz0m9rz5jdtc,22.630846945262526267903279900
account_rdx169sx2l8fn6egvk5yxd7vxk8c3gn0afnywtyur849pxlc2wdhpympcs,15.241597028242237787890869900
account_rdx1695v9rv2wcvj4yq98t45qntszzp5j2nsza3ur02merwlzqacn6mds6,11.891075792550925163915150100
account_rdx16xue5350nggf8g6daxzmn2dp3md2hfs2a29zryzu27vj4vkarnzyj9,11.275056450238220174616389400
account_rdx16x0u3j2x3pw3w0jr0p7lzdvk07xuv23x64w9rarf9drn4736ttxf4u,5.9883062428420742938799991000
account_rdx16yz6380q7dakasuf9gf7k8y493np9k9spep92ndhz9lv77qt6vu0ht,5.762080636610709436109028000
account_rdx129atcx5guufu3e2u5l9c709397gpeacdx56f32vdp9haflgu7xvnfk,3.1005572532345832628980197000
account_rdx168hzhhhswhymhw92wxlgu4w54akthf2mh02m0xfnc7r794atdzeq5d,2.4350094363257416136982441000
account_rdx169fthpj0gh7qzkg60ngsca8mwh3m67jj54g8457y0ggtdtsqusya5e,1.3060471016636432062946421000
account_rdx16xj28wd4hrvm5c58rx6us622g8e972y43pa2hvtqlhqefg24xqucsf,0.0000000000000008884748526000
