AccountAddress,Amount
account_rdx1688dxj6a8x25aqsahl8luv8tpdzrc5wtfh9eee9f89sm6pujg4yvvf,1856.6670381916988967144089063
account_rdx16872qlxchfr0wwyqum5ym3yuc4e8ss873su95y6jg2ekczmgpz8yf9,1475.4541694353700100962406187
account_rdx16yym9xxyk8uu2gwvdrlrv56ff76az0u6kh5uv7es7m7y55an25yxfk,766.88631514161970219068868870
account_rdx12x7kdfsslllhe0krhq6pnmclx66pgecg409r0zccm79hc6qgpmzfw7,530.08369471381635899011210640
account_rdx168qxlpvvjtcse0r203qz58pdh00w2fmnslzfnrzkcr7glw6rqgulj3,446.39284137828821297391523730
account_rdx16yq3a9rjyt9aq6ldat7skkatkl7xtxq06vlqs9w6v3dpwjmpe7uumz,364.96185626189822558837158690
account_rdx16ymrezjh22skwchjvghcrxn6tk429tn2tvvw8x2gvey5mxcxyysztu,292.80731862600797034303649970
account_rdx16896af5ju92pkv2hfrc94wftx6a3r8smjt8xxxkwnu7juszd588uz6,262.26894086401417882724067390
account_rdx16y6ve66qwtadj6zw6vjlhl2us8ck6tewegvu9datrv9qqv34x4ws2u,241.58280396397322395713594850
account_rdx16y6eskw694nkmjf28e9wsaqfc6af49jzy6zqva0jkfsss97x5w04je,194.90616157929449879161207490
account_rdx12x2msv680zzsaz3u8gy8lg3ehxfwuspww2kxlpggvdsffedmxvhxzd,123.95206049150794734978011220
account_rdx16xattftp9krlh0u9fy59alymtt65phw6pm43lgdk4kzry62vsmm3qs,100.12238498862901027482574350
account_rdx16yet9vvas726d73dnmvdwsct68f4psplwptxnyhx6uw3nqfuresc68,83.34328803674582459848122620
account_rdx168zg3a2ftml8v44c063nrpku6rug58yfxsu26pkhkc7ujgm3x6thau,74.766446924204394414229470800
account_rdx16yrwads2t5qg53s8psvzl0wj874raczh26uach2q2zpz0m9rz5jdtc,52.805309538945894625107653100
account_rdx169sx2l8fn6egvk5yxd7vxk8c3gn0afnywtyur849pxlc2wdhpympcs,35.563726399231888171745363100
account_rdx1695v9rv2wcvj4yq98t45qntszzp5j2nsza3ur02merwlzqacn6mds6,27.745843515952158715802016900
account_rdx16xue5350nggf8g6daxzmn2dp3md2hfs2a29zryzu27vj4vkarnzyj9,26.308465050555847074104908600
account_rdx16x0u3j2x3pw3w0jr0p7lzdvk07xuv23x64w9rarf9drn4736ttxf4u,13.972714566631506685719997900
account_rdx16yz6380q7dakasuf9gf7k8y493np9k9spep92ndhz9lv77qt6vu0ht,13.444854818758322017587732000
account_rdx129atcx5guufu3e2u5l9c709397gpeacdx56f32vdp9haflgu7xvnfk,7.2346335908806942800953793000
account_rdx168hzhhhswhymhw92wxlgu4w54akthf2mh02m0xfnc7r794atdzeq5d,5.6816886847600637652959029000
account_rdx169fthpj0gh7qzkg60ngsca8mwh3m67jj54g8457y0ggtdtsqusya5e,3.0474432372151674813541649000
account_rdx16xj28wd4hrvm5c58rx6us622g8e972y43pa2hvtqlhqefg24xqucsf,0.0000000000000020731079894000
