AccountAddress,Amount
account_rdx1688dxj6a8x25aqsahl8luv8tpdzrc5wtfh9eee9f89sm6pujg4yvvf,2119.9781534139498022917218509
account_rdx16872qlxchfr0wwyqum5ym3yuc4e8ss873su95y6jg2ekczmgpz8yf9,1684.7019639089177500816655114
account_rdx16yym9xxyk8uu2gwvdrlrv56ff76az0u6kh5uv7es7m7y55an25yxfk,875.6455523849823534738954996
account_rdx12x7kdfsslllhe0krhq6pnmclx66pgecg409r0zccm79hc6qgpmzfw7,605.25976341387102282678069600
account_rdx168qxlpvvjtcse0r203qz58pdh00w2fmnslzfnrzkcr7glw6rqgulj3,509.69993655084252806285511600
account_rdx16yq3a9rjyt9aq6ldat7skkatkl7xtxq06vlqs9w6v3dpwjmpe7uumz,416.72047070872893814322857770
account_rdx16ymrezjh22skwchjvghcrxn6tk429tn2tvvw8x2gvey5mxcxyysztu,334.33303111333801423704892430
account_rdx16896af5ju92pkv2hfrc94wftx6a3r8smjt8xxxkwnu7juszd588uz6,299.46372371227409799703237450
account_rdx16y6ve66qwtadj6zw6vjlhl2us8ck6tewegvu9datrv9qqv34x4ws2u,275.84389452129069227270556190
account_rdx16y6eskw694nkmjf28e9wsaqfc6af49jzy6zqva0jkfsss97x5w04je,222.54760601357298998015332610
account_rdx12x2msv680zzsaz3u8gy8lg3ehxfwuspww2kxlpggvdsffedmxvhxzd,141.53084796968852846876216180
account_rdx16xattftp9krlh0u9fy59alymtt65phw6pm43lgdk4kzry62vsmm3qs,114.32166590856392391581671580
account_rdx16yet9vvas726d73dnmvdwsct68f4psplwptxnyhx6uw3nqfuresc68,95.16297011642467182557817510
account_rdx168zg3a2ftml8v44c063nrpku6rug58yfxsu26pkhkc7ujgm3x6thau,85.36976788367566671425166470
account_rdx16yrwads2t5qg53s8psvzl0wj874raczh26uach2q2zpz0m9rz5jdtc,60.294118602900640649669575400
account_rdx169sx2l8fn6egvk5yxd7vxk8c3gn0afnywtyur849pxlc2wdhpympcs,40.607347181534965540525202000
account_rdx1695v9rv2wcvj4yq98t45qntszzp5j2nsza3ur02merwlzqacn6mds6,31.680738060147275246293161500
account_rdx16xue5350nggf8g6daxzmn2dp3md2hfs2a29zryzu27vj4vkarnzyj9,30.039511667828875930755461800
account_rdx16x0u3j2x3pw3w0jr0p7lzdvk07xuv23x64w9rarf9drn4736ttxf4u,15.954314379382672566826232900
account_rdx16yz6380q7dakasuf9gf7k8y493np9k9spep92ndhz9lv77qt6vu0ht,15.351593961268476309917683600
account_rdx129atcx5guufu3e2u5l9c709397gpeacdx56f32vdp9haflgu7xvnfk,8.260643855432214946574262000
account_rdx168hzhhhswhymhw92wxlgu4w54akthf2mh02m0xfnc7r794atdzeq5d,6.4874614771649400765653205000
account_rdx169fthpj0gh7qzkg60ngsca8mwh3m67jj54g8457y0ggtdtsqusya5e,3.4796293324394112727516400000
account_rdx16xj28wd4hrvm5c58rx6us622g8e972y43pa2hvtqlhqefg24xqucsf,0.0000000000000023671145966000
account_rdx169c59m6cgjwkpvjfh6mnpwvprcsflzvggnyhqx5p0cxpgdrfrspjvy,7.2652938617795448015107098000
