AccountAddress,Amount
account_rdx1688dxj6a8x25aqsahl8luv8tpdzrc5wtfh9eee9f89sm6pujg4yvvf,1326.1907415654992119388635045
account_rdx16872qlxchfr0wwyqum5ym3yuc4e8ss873su95y6jg2ekczmgpz8yf9,1053.8958353109785786401718705
account_rdx16yym9xxyk8uu2gwvdrlrv56ff76az0u6kh5uv7es7m7y55an25yxfk,547.77593938687121585049192050
account_rdx12x7kdfsslllhe0krhq6pnmclx66pgecg409r0zccm79hc6qgpmzfw7,378.63121050986882785008007600
account_rdx168qxlpvvjtcse0r203qz58pdh00w2fmnslzfnrzkcr7glw6rqgulj3,318.85202955592015212422516950
account_rdx16yq3a9rjyt9aq6ldat7skkatkl7xtxq06vlqs9w6v3dpwjmpe7uumz,260.68704018707016113455113350
account_rdx16ymrezjh22skwchjvghcrxn6tk429tn2tvvw8x2gvey5mxcxyysztu,209.14808473286283595931178550
account_rdx16896af5ju92pkv2hfrc94wftx6a3r8smjt8xxxkwnu7juszd588uz6,187.33495776001012773374333850
account_rdx16y6ve66qwtadj6zw6vjlhl2us8ck6tewegvu9datrv9qqv34x4ws2u,172.55914568855230282652567750
account_rdx16y6eskw694nkmjf28e9wsaqfc6af49jzy6zqva0jkfsss97x5w04je,139.21868684235321342258005350
account_rdx12x2msv680zzsaz3u8gy8lg3ehxfwuspww2kxlpggvdsffedmxvhxzd,88.53718606536281953555722300
account_rdx16xattftp9krlh0u9fy59alymtt65phw6pm43lgdk4kzry62vsmm3qs,71.515989277592150196304102500
account_rdx16yet9vvas726d73dnmvdwsct68f4psplwptxnyhx6uw3nqfuresc68,59.530920026247017570343733000
account_rdx168zg3a2ftml8v44c063nrpku6rug58yfxsu26pkhkc7ujgm3x6thau,53.404604945860281724449622000
account_rdx16yrwads2t5qg53s8psvzl0wj874raczh26uach2q2zpz0m9rz5jdtc,37.718078242104210446505466500
account_rdx169sx2l8fn6egvk5yxd7vxk8c3gn0afnywtyur849pxlc2wdhpympcs,25.402661713737062979818116500
account_rdx1695v9rv2wcvj4yq98t45qntszzp5j2nsza3ur02merwlzqacn6mds6,19.818459654251541939858583500
account_rdx16xue5350nggf8g6daxzmn2dp3md2hfs2a29zryzu27vj4vkarnzyj9,18.791760750397033624360649000
account_rdx16x0u3j2x3pw3w0jr0p7lzdvk07xuv23x64w9rarf9drn4736ttxf4u,9.980510404736790489799998500
account_rdx16yz6380q7dakasuf9gf7k8y493np9k9spep92ndhz9lv77qt6vu0ht,9.603467727684515726848380000
account_rdx129atcx5guufu3e2u5l9c709397gpeacdx56f32vdp9haflgu7xvnfk,5.1675954220576387714966995000
account_rdx168hzhhhswhymhw92wxlgu4w54akthf2mh02m0xfnc7r794atdzeq5d,4.0583490605429026894970735000
account_rdx169fthpj0gh7qzkg60ngsca8mwh3m67jj54g8457y0ggtdtsqusya5e,2.1767451694394053438244035000
account_rdx16xj28wd4hrvm5c58rx6us622g8e972y43pa2hvtqlhqefg24xqucsf,0.0000000000000014807914210000
