AccountAddress,Amount
rdx1qspwwdf6v47z9vh8k4r5we28e2dndt2fp48sae6fljt2s82c2hnz0ksdysg7q,328769.16646977331154152563964
rdx1qspekv48zlzazu6fnk26jzz8u6aly5melma0f30xu56zvzhd49hax3qhzycr7,6953.8548589911993879771685303
rdx1qsp3uaa9rqyt48g5pg7nvr728lhrcr8dp3dpxv3dyj658kx9nz2py4sfs7gly,1602.1246506771713224437536339
rdx1qspk3mznu8y00qyfy8af3szuw4t97mmysre05ztkrzxutw3pwjg0ewcj7jz2w,5959.4453908223749872474587113
rdx1qsplk8hz00nygu7c5h8h4tvytxjf6c6jpcurahr4gwee33uqvgm7feguttu8l,20804.412251252989627491397621
rdx1qspepevu9hcgshzt6wjarrgrhqp3w4sm8n0u2qkdmkyjs7hhqj6ejqsa0ysu3,98631.73625829457640822177399
rdx1qspr6z04ykw4fcc6krgk5mkjc5p749eve5z8wcyahzxa80sny3u7mpgcq90wh,4706.9865528197257738805771028
rdx1qsp25hmfytvrlyjqak5tskgr4guhjh63ctufr8yf2nsr3x63r2qvxncvfyzzs,29019.637416611061810406164365
rdx1qsp9nqq3mt5x3hl8jsttssserws9hj40hjaul6fas3qckg0enprugjcewxlte,367.27985995543963216693363800
rdx1qsp2n5upc9vgjgx56rxewdtxnvpp95ksreggcw70fqus3erkgqwx6ss27dev6,4535.1694705802479385083571488
rdx1qspa8hpk0qglcuc6xg6tea4kfzdy3jffkc6chk5sludu6hsqvg20rmqt7y88u,10341.174251789827622216180344
rdx1qspfgkv69n4wgsex82gmfjp7hdkr8sdu8yhnyj54xrtf6fsmkdhvjwg8dq9ww,3012.2553318034013818809596444
rdx1qspkzv8aecsagaggr878enclrel6uygvhzg057swkepdsz6d7p470wsfq8mlk,22348.935252085601787811633276
rdx1qsprn6kvvslhr75q9xektst3swhh4plkpy94lq52fmdazyv662ajyqgt34k3k,95820.20157806992800248163788
rdx1qspnqa4wk9w0fuvvynj6th3je7nuv94h9jucqsvtqv6pg2t76reyfdss7cs7t,10075.398065805248410477786101
rdx1qsp4jmw48nrgxudkypdca8lal6m76fy6clgmed8p0s2wxp4h3casecqfp34q2,78792.494844253225578893298128
rdx1qspcazd30s5nhjnxp229xuk6rvu0gez5p40g9scle5uczjsj8re09nchp526m,222877.97264898019857044409430
rdx1qsphsg25w8k4ragh8adajlcqr3acez06hkak54ys80m5s0nh6cqefgq8hg6kg,1301.6140441181074348453096908
rdx1qsphyz8fpte0sk4sy0qy99usnw8xf6n347r3lugx9fgtx23ew4dtndsj34f3q,35.140803316362781079875930330
