AccountAddress,Amount
rdx1qspwwdf6v47z9vh8k4r5we28e2dndt2fp48sae6fljt2s82c2hnz0ksdysg7q,294953.44459886332750895395297
rdx1qspk3mznu8y00qyfy8af3szuw4t97mmysre05ztkrzxutw3pwjg0ewcj7jz2w,5621.2847905072719958918282927
rdx1qsplk8hz00nygu7c5h8h4tvytxjf6c6jpcurahr4gwee33uqvgm7feguttu8l,18606.368349204820183679799887
rdx1qspepevu9hcgshzt6wjarrgrhqp3w4sm8n0u2qkdmkyjs7hhqj6ejqsa0ysu3,88486.91824884148666755286141
rdx1qspr6z04ykw4fcc6krgk5mkjc5p749eve5z8wcyahzxa80sny3u7mpgcq90wh,4199.7456523470712868471314688
rdx1qspfgkv69n4wgsex82gmfjp7hdkr8sdu8yhnyj54xrtf6fsmkdhvjwg8dq9ww,2657.1867014725432409575476984
rdx1qsprn6kvvslhr75q9xektst3swhh4plkpy94lq52fmdazyv662ajyqgt34k3k,83443.52360653715851886556452
rdx1qspnqa4wk9w0fuvvynj6th3je7nuv94h9jucqsvtqv6pg2t76reyfdss7cs7t,9490.380227260120235432545476
rdx1qsp4jmw48nrgxudkypdca8lal6m76fy6clgmed8p0s2wxp4h3casecqfp34q2,75427.796871117950814904775417
rdx1qspcazd30s5nhjnxp229xuk6rvu0gez5p40g9scle5uczjsj8re09nchp526m,183989.50361274335456454659586
rdx1qspekv48zlzazu6fnk26jzz8u6aly5melma0f30xu56zvzhd49hax3qhzycr7,5939.3730580458904139102772604
rdx1qsp3uaa9rqyt48g5pg7nvr728lhrcr8dp3dpxv3dyj658kx9nz2py4sfs7gly,621.45890976337264751242540767
rdx1qsp25hmfytvrlyjqak5tskgr4guhjh63ctufr8yf2nsr3x63r2qvxncvfyzzs,23439.987511411862453038262416
rdx1qsp2n5upc9vgjgx56rxewdtxnvpp95ksreggcw70fqus3erkgqwx6ss27dev6,3240.9219981493917031860659419
rdx1qspa8hpk0qglcuc6xg6tea4kfzdy3jffkc6chk5sludu6hsqvg20rmqt7y88u,6655.2237083552050164398087436
rdx1qspkzv8aecsagaggr878enclrel6uygvhzg057swkepdsz6d7p470wsfq8mlk,18967.329248934571874255329066
rdx1qsphsg25w8k4ragh8adajlcqr3acez06hkak54ys80m5s0nh6cqefgq8hg6kg,625.29284348790145213404885121
rdx1qsphyz8fpte0sk4sy0qy99usnw8xf6n347r3lugx9fgtx23ew4dtndsj34f3q,35.140803316362781079875930330
rdx1qsp9nqq3mt5x3hl8jsttssserws9hj40hjaul6fas3qckg0enprugjcewxlte,29.119259640336640811303218422
