AccountAddress,Amount
rdx1qspwwdf6v47z9vh8k4r5we28e2dndt2fp48sae6fljt2s82c2hnz0ksdysg7q,428909.22451822058072802783453
rdx1qspekv48zlzazu6fnk26jzz8u6aly5melma0f30xu56zvzhd49hax3qhzycr7,9958.086642762455176130115900
rdx1qsp3uaa9rqyt48g5pg7nvr728lhrcr8dp3dpxv3dyj658kx9nz2py4sfs7gly,4506.2153749893852509916027587
rdx1qspk3mznu8y00qyfy8af3szuw4t97mmysre05ztkrzxutw3pwjg0ewcj7jz2w,6960.8559854127935832984411656
rdx1qsplk8hz00nygu7c5h8h4tvytxjf6c6jpcurahr4gwee33uqvgm7feguttu8l,27313.581116090710501822783596
rdx1qspepevu9hcgshzt6wjarrgrhqp3w4sm8n0u2qkdmkyjs7hhqj6ejqsa0ysu3,128674.05409600713428975124773
rdx1qspr6z04ykw4fcc6krgk5mkjc5p749eve5z8wcyahzxa80sny3u7mpgcq90wh,6209.1024447053536679570507930
rdx1qsp25hmfytvrlyjqak5tskgr4guhjh63ctufr8yf2nsr3x63r2qvxncvfyzzs,45542.912227352968645247374894
rdx1qsp9nqq3mt5x3hl8jsttssserws9hj40hjaul6fas3qckg0enprugjcewxlte,1368.6904545458582282179160926
rdx1qsp2n5upc9vgjgx56rxewdtxnvpp95ksreggcw70fqus3erkgqwx6ss27dev6,8640.952908400964182317385230
rdx1qspa8hpk0qglcuc6xg6tea4kfzdy3jffkc6chk5sludu6hsqvg20rmqt7y88u,21256.549732825390319171889118
rdx1qspfgkv69n4wgsex82gmfjp7hdkr8sdu8yhnyj54xrtf6fsmkdhvjwg8dq9ww,4063.7364561233409077344912308
rdx1qspkzv8aecsagaggr878enclrel6uygvhzg057swkepdsz6d7p470wsfq8mlk,32363.041197989787748321457853
rdx1qsprn6kvvslhr75q9xektst3swhh4plkpy94lq52fmdazyv662ajyqgt34k3k,133179.44659767130036093061808
rdx1qspnqa4wk9w0fuvvynj6th3je7nuv94h9jucqsvtqv6pg2t76reyfdss7cs7t,11807.838394446672581645985750
rdx1qsp4jmw48nrgxudkypdca8lal6m76fy6clgmed8p0s2wxp4h3casecqfp34q2,88756.53026042789060960057360
rdx1qspcazd30s5nhjnxp229xuk6rvu0gez5p40g9scle5uczjsj8re09nchp526m,338040.19102687833711630707664
rdx1qsphsg25w8k4ragh8adajlcqr3acez06hkak54ys80m5s0nh6cqefgq8hg6kg,3304.4352332989446269472745980
rdx1qspqtfc6f5a8demz9c7uf48vq4quw4s4zcy6f8rtr0dfwllnqhzu8xgw9a3tt,3725.3187262294967901852342128
rdx1qspyljc40cdq7jnjy29qxnce5rmhaeycedp8pld9u6lhmffef2ecmag3cuw68,3262.6515374528327133567051141
rdx1qsp2rhk4jxncnpy3mcmuus65u73548qz3tns49x3g4hcm7z5j3d6axsujmdvl,868.1935045161729816925737331
rdx1qsphzuce0qhs3mex2gstmwq9d5yuz8fljtpj363ruav2vgc6hh7dqdseadl37,8952.134775884198908274921591
rdx1qsphyz8fpte0sk4sy0qy99usnw8xf6n347r3lugx9fgtx23ew4dtndsj34f3q,5971.6318867356540482854000797
rdx1qsprff73d8mem7suyedulsg29v0mcvqaahd6nv32nluazk2cvyep5qsfts28y,437.33521253519219955813988597
rdx1qspqtflghktsy85mrkygs65p9y0kumv0x6t0k2usr5m0e99478vs54qqmxekv,947.2896884965838342259052403
