AccountAddress,Amount
rdx1qspwwdf6v47z9vh8k4r5we28e2dndt2fp48sae6fljt2s82c2hnz0ksdysg7q,352533.04199256865831133623513
rdx1qspekv48zlzazu6fnk26jzz8u6aly5melma0f30xu56zvzhd49hax3qhzycr7,7666.7782539090089691672982932
rdx1qsp3uaa9rqyt48g5pg7nvr728lhrcr8dp3dpxv3dyj658kx9nz2py4sfs7gly,2291.2839324310539175942124064
rdx1qspk3mznu8y00qyfy8af3szuw4t97mmysre05ztkrzxutw3pwjg0ewcj7jz2w,6197.0865224616448476441686301
rdx1qsplk8hz00nygu7c5h8h4tvytxjf6c6jpcurahr4gwee33uqvgm7feguttu8l,22349.079606908243720070012114
rdx1qspepevu9hcgshzt6wjarrgrhqp3w4sm8n0u2qkdmkyjs7hhqj6ejqsa0ysu3,105760.97020747267222012307162
rdx1qspr6z04ykw4fcc6krgk5mkjc5p749eve5z8wcyahzxa80sny3u7mpgcq90wh,5063.4482502786305644756419870
rdx1qsp25hmfytvrlyjqak5tskgr4guhjh63ctufr8yf2nsr3x63r2qvxncvfyzzs,32940.716088659014506951878058
rdx1qsp9nqq3mt5x3hl8jsttssserws9hj40hjaul6fas3qckg0enprugjcewxlte,604.92099159470949256364355769
rdx1qsp2n5upc9vgjgx56rxewdtxnvpp95ksreggcw70fqus3erkgqwx6ss27dev6,5509.4981103012543661348678276
rdx1qspa8hpk0qglcuc6xg6tea4kfzdy3jffkc6chk5sludu6hsqvg20rmqt7y88u,12931.462586657869100540318485
rdx1qspfgkv69n4wgsex82gmfjp7hdkr8sdu8yhnyj54xrtf6fsmkdhvjwg8dq9ww,3261.7785200246347352975050638
rdx1qspkzv8aecsagaggr878enclrel6uygvhzg057swkepdsz6d7p470wsfq8mlk,24725.346568478300391778732488
rdx1qsprn6kvvslhr75q9xektst3swhh4plkpy94lq52fmdazyv662ajyqgt34k3k,104517.86699606720489300122094
rdx1qspnqa4wk9w0fuvvynj6th3je7nuv94h9jucqsvtqv6pg2t76reyfdss7cs7t,10486.517223541185268964094263
rdx1qsp4jmw48nrgxudkypdca8lal6m76fy6clgmed8p0s2wxp4h3casecqfp34q2,81157.02410406396068984056185
rdx1qspcazd30s5nhjnxp229xuk6rvu0gez5p40g9scle5uczjsj8re09nchp526m,250206.70278749623251606573520
rdx1qsphsg25w8k4ragh8adajlcqr3acez06hkak54ys80m5s0nh6cqefgq8hg6kg,1776.8963073966471556387295306
rdx1qsphyz8fpte0sk4sy0qy99usnw8xf6n347r3lugx9fgtx23ew4dtndsj34f3q,35.140803316362781079875930330
rdx1qsphzuce0qhs3mex2gstmwq9d5yuz8fljtpj363ruav2vgc6hh7dqdseadl37,1314.4401463727115517321962252
