AccountAddress,Amount
rdx1qspwwdf6v47z9vh8k4r5we28e2dndt2fp48sae6fljt2s82c2hnz0ksdysg7q,437353.84372892652454204234386
rdx1qspekv48zlzazu6fnk26jzz8u6aly5melma0f30xu56zvzhd49hax3qhzycr7,10211.427752494730813306922947
rdx1qsp3uaa9rqyt48g5pg7nvr728lhrcr8dp3dpxv3dyj658kx9nz2py4sfs7gly,4751.1117810639183669291829046
rdx1qspk3mznu8y00qyfy8af3szuw4t97mmysre05ztkrzxutw3pwjg0ewcj7jz2w,7045.3030219902187956907101814
rdx1qsplk8hz00nygu7c5h8h4tvytxjf6c6jpcurahr4gwee33uqvgm7feguttu8l,27561.097864380199444829536435
rdx1qspepevu9hcgshzt6wjarrgrhqp3w4sm8n0u2qkdmkyjs7hhqj6ejqsa0ysu3,131207.46519332989066151931822
rdx1qspr6z04ykw4fcc6krgk5mkjc5p749eve5z8wcyahzxa80sny3u7mpgcq90wh,6335.7729995714914865454543156
rdx1qsp25hmfytvrlyjqak5tskgr4guhjh63ctufr8yf2nsr3x63r2qvxncvfyzzs,46936.288330880484649719813654
rdx1qsp9nqq3mt5x3hl8jsttssserws9hj40hjaul6fas3qckg0enprugjcewxlte,1453.1374911232834406101851085
rdx1qsp2n5upc9vgjgx56rxewdtxnvpp95ksreggcw70fqus3erkgqwx6ss27dev6,8987.185758368407553125688194
rdx1qspa8hpk0qglcuc6xg6tea4kfzdy3jffkc6chk5sludu6hsqvg20rmqt7y88u,22177.022431519325134247621390
rdx1qspfgkv69n4wgsex82gmfjp7hdkr8sdu8yhnyj54xrtf6fsmkdhvjwg8dq9ww,4152.4058445296373807463736977
rdx1qspkzv8aecsagaggr878enclrel6uygvhzg057swkepdsz6d7p470wsfq8mlk,33207.511563764039872244148012
rdx1qsprn6kvvslhr75q9xektst3swhh4plkpy94lq52fmdazyv662ajyqgt34k3k,136903.56091073575222742968166
rdx1qspnqa4wk9w0fuvvynj6th3je7nuv94h9jucqsvtqv6pg2t76reyfdss7cs7t,11953.931767725618199084611149
rdx1qsp4jmw48nrgxudkypdca8lal6m76fy6clgmed8p0s2wxp4h3casecqfp34q2,89596.77827437327147290365031
rdx1qspcazd30s5nhjnxp229xuk6rvu0gez5p40g9scle5uczjsj8re09nchp526m,347751.60023328223654141801345
rdx1qsphsg25w8k4ragh8adajlcqr3acez06hkak54ys80m5s0nh6cqefgq8hg6kg,3473.3293064537950517318126296
rdx1qspqtfc6f5a8demz9c7uf48vq4quw4s4zcy6f8rtr0dfwllnqhzu8xgw9a3tt,4147.5539091166228521465792934
rdx1qspyljc40cdq7jnjy29qxnce5rmhaeycedp8pld9u6lhmffef2ecmag3cuw68,7282.3304785382728232287102662
rdx1qsp2rhk4jxncnpy3mcmuus65u73548qz3tns49x3g4hcm7z5j3d6axsujmdvl,1290.4286874032990436539188138
rdx1qsphzuce0qhs3mex2gstmwq9d5yuz8fljtpj363ruav2vgc6hh7dqdseadl37,9796.605141658451032197611750
rdx1qsphyz8fpte0sk4sy0qy99usnw8xf6n347r3lugx9fgtx23ew4dtndsj34f3q,6934.3281037183014695572668605
rdx1qsprff73d8mem7suyedulsg29v0mcvqaahd6nv32nluazk2cvyep5qsfts28y,916.5721451120802798842665515
rdx1qspqtflghktsy85mrkygs65p9y0kumv0x6t0k2usr5m0e99478vs54qqmxekv,1158.4072799401468652065777788
